﻿<?xml version="1.0" encoding="utf-8"?>
<handler>
  <dog>
    <name>Рэкс</name>
    <breed>Питбуль</breed>
    <birthdate>21.7.2005</birthdate>
    <min_height>58</min_height>
    <max_height>90</max_height>
    <actual_height>74</actual_height>
  </dog>
  <dog>
    <name>Заяц</name>
    <breed>Немецкая_Овчарка</breed>
    <birthdate>4.3.2013</birthdate>
    <min_height>90</min_height>
    <max_height>130</max_height>
    <actual_height>110</actual_height>
  </dog>
  <dog>
    <name>Пузырь</name>
    <breed>Алабай</breed>
    <birthdate>7.3.2017</birthdate>
    <min_height>80</min_height>
    <max_height>120</max_height>
    <actual_height>85</actual_height>
  </dog>
  <dog>
    <name>Молния</name>
    <breed>Шпиц</breed>
    <birthdate>10.3.2022</birthdate>
    <min_height>20</min_height>
    <max_height>56</max_height>
    <actual_height>23</actual_height>
  </dog>
  <dog>
    <name>Герман</name>
    <breed>Буль</breed>
    <birthdate>1.7.2021</birthdate>
    <min_height>30</min_height>
    <max_height>70</max_height>
    <actual_height>45</actual_height>
  </dog>
  <dog>
    <name>Кукумбер</name>
    <breed>Терьер</breed>
    <birthdate>30.1.2002</birthdate>
    <min_height>40</min_height>
    <max_height>90</max_height>
    <actual_height>70</actual_height>
  </dog>
</handler>